company,year,records,organization_type,method
1177 Care Guide,2020,"2,700,000.00",medical/healthcare,third-party
1to1help,2020,"300,000.00",medical/healthcare,misconfiguration
3fun,2020,"1,500,000.00",app,misconfiguration
Adobe Inc.,2020,"7,500,000.00",tech,misconfiguration
AgusiQ-Torrents.pl,2020,"90,478.00",web,hacking
Air New Zealand,2020,"100,000.00",automotive/transportation,hacking
Amadeus IT Group,2020,"15,000,000.00",retail/hospitality,hacking
AMC Networks,2020,"1,615,360.00",other,misconfiguration
American Medical Collection Agency,2020,"20,000,000.00",medical/healthcare,hacking
Armor Games,2020,"10,604,307.00",gaming,hacking
ArtValue,2020,"157,692.00",web,misconfiguration
Australian National University,2020,"200,000.00",education/academic,hacking
Authentic Jobs,2020,"221,130.00",web,misconfiguration
Best Western Hotels & Resorts Group,2020,1,retail/hospitality,misconfiguration
BlackSpigotMC,2020,"140,029.00",web,hacking
Bodybuilding.com,2020,"7,000,000.00",web,hacking
BreedReady,2020,"1,800,000.00",web,misconfiguration
BriansClub,2020,"26,000,000.00",web,hacking
British American Tobacco (BAT) - YOUniverse,2020,1,retail/hospitality,misconfiguration
Bulgarian National Revenue Agency,2020,"5,000,000.00",government/military,hacking
Cadlin,2020,"1,185,000.00",medical/healthcare,misconfiguration
CafePress,2020,"23,205,290.00",retail/hospitality,hacking
Calcioshop.it,2020,"408,995.00",retail/hospitality,misconfiguration
Camgirl Sites,2020,1,web,misconfiguration
Canva,2020,"137,272,116.00",web,hacking
Capital One,2020,"106,000,000.00",finance/consulting,hacking
Cashkaro,2020,"2,500,000.00",finance/consulting,misconfiguration
Cayman National Bank,2020,1,finance/consulting,hacking
Cebuana Lhuillier,2020,"900,000.00",finance/consulting,hacking
CenturyLink,2020,"2,800,000.00",telecommunications,misconfiguration
Checkers & Rally,2020,1,retail/hospitality,hacking
Chile Citizens,2020,"14,300,000.00",government/military,misconfiguration
Choice Hotels,2020,"700,000.00",retail/hospitality,third-party
Chtrbox,2020,"49,000,000.00",tech,misconfiguration
ClearDent,2020,"60,000.00",medical/healthcare,misconfiguration
Clover Sites,2020,"65,800.00",web,misconfiguration
Club Penguin Rewritten,2020,"4,007,909.00",gaming,hacking
Comodo,2020,"170,000.00",web,hacking
Conor,2020,"1,000,000.00",tech,misconfiguration
Cracked.to,2020,"749,161.00",web,hacking
Credia.ge,2020,"142,571.00",finance/consulting,misconfiguration
Credit Union Australia,2020,"92,000.00",finance/consulting,hacking
Dalili,2020,"5,000,000.00",telecommunications,misconfiguration
Datacamp,2020,"700,000.00",web,hacking
Dealer Deals,2020,"198,000,000.00",web,misconfiguration
Deardorff Communications,2020,"261,300.00",telecommunications,misconfiguration
DeepThinkHealth,2020,"700,000.00",medical/healthcare,misconfiguration
Demon Forums,2020,"52,623.00",web,hacking
Desjardins,2020,"2,900,000.00",finance/consulting,inside_job
DKLOK,2020,1,other,misconfiguration
Docker Hub,2020,"190,000.00",tech,hacking
Dominion National,2020,"2,964,778.00",medical/healthcare,hacking
DoorDash,2020,"4,900,000.00",tech,third-party
Dow Jones Watchlist,2020,"2,418,862.00",retail/hospitality,third-party
EatStreet,2020,"6,353,564.00",retail/hospitality,hacking
Ecuadorian Citizens,2020,"20,800,000.00",government/military,misconfiguration
Electronic Settlements Limited,2020,"2,590,000.00",finance/consulting,misconfiguration
Electronic Settlements Limited,2020,"8,000,000.00",finance/consulting,misconfiguration
EpicBot,2020,"816,662.00",web,hacking
Everybody Edits,2020,"871,190.00",web,hacking
Facebook,2020,"419,000,000.00",tech,misconfiguration
Facebook,2020,"540,000,000.00",tech,third-party
FamilaFacil,2020,"551,587.00",web,misconfiguration
Federal Emergency Management Agency (FEMA),2020,"2,300,000.00",government/military,other
First American Corporation,2020,"885,000,000.00",finance/consulting,misconfiguration
Flash Flash Revolution,2020,"1,858,124.00",gaming,hacking
Flipboard,2020,"145,000,000.00",tech,hacking
Fortnite,2020,"200,000,000.00",gaming,misconfiguration
Freedom Mobile,2020,"1,500,000.00",telecommunications,misconfiguration
GameSalad,2020,"1,506,242.00",web,hacking
Garmin,2020,1,retail/hospitality,hacking
Gartner,2020,"155,000,000.00",tech,misconfiguration
GateHub,2020,"1,408,078.00",web,hacking
Gearbest,2020,"1,500,000.00",web,misconfiguration
Geisinger Health Plan,2020,1,medical/healthcare,third-party
Gekko Group,2020,"1,000,000.00",retail/hospitality,misconfiguration
Georgia Tech,2020,"1,300,000.00",education/academic,hacking
Groupe Phosphore - Henrri,2020,"27,286.00",web,misconfiguration
Groupe Phosphore - Rivalis,2020,"339,787.00",web,misconfiguration
Health sciences Authority,2020,"808,201.00",medical/healthcare,third-party
Honda Motor Company,2020,"134,000,000.00",automotive/transportation,misconfiguration
Honda Motor Company,2020,"26,000.00",automotive/transportation,misconfiguration
Hookers.nl,2020,"290,955.00",web,hacking
Hostinger,2020,"14,000,000.00",web,hacking
Hy-vee,2020,"5,300,000.00",retail/hospitality,hacking
Immediata Health Group,2020,"1,500,000.00",medical/healthcare,misconfiguration
India Government Healthcare Agnecy,2020,"12,500,000.00",medical/healthcare,misconfiguration
Indian Citizens,2020,"275,265,298.00",web,misconfiguration
ixigo,2020,"17,204,697.00",web,hacking
Jana Cash,2020,"2,600,000.00",finance/consulting,third-party
Jcrush,2020,"200,000.00",tech,misconfiguration
Justdial,2020,"100,000,000.00",tech,misconfiguration
K12.com,2020,"6,988,504.00",education/academic,misconfiguration
kent State University,2020,"3,000.00",education/academic,hacking
La Poste,2020,"23,000,000.00",government/military,misconfiguration
Labcorp,2020,"7,700,000.00",medical/healthcare,third-party
Ladders,2020,"13,000,000.00",web,misconfiguration
Landmark White,2020,"270,000.00",retail/hospitality,inside_job
Leadership for Educational Equity (LEE),2020,"3,690,000.00",other,misconfiguration
Libreria Porrua,2020,"1,018,997.00",web,misconfiguration
LifeLabs,2020,"15,000,000.00",medical/healthcare,hacking
LightInTheBox,2020,1,web,misconfiguration
Lion Group,2020,"30,000,000.00",automotive/transportation,inside_job
"Love, Bonito",2020,1,web,hacking
Lumin PDF,2020,"15,453,048.00",web,hacking
Luscious,2020,"1,200,000.00",web,misconfiguration
Macy,2020,1,retail/hospitality,hacking
Mastercard Priceless Specials,2020,"89,388.00",finance/consulting,hacking
Medicare Supplement.com,2020,"5,000,000.00",medical/healthcare,misconfiguration
Medico,2020,"307,139.00",medical/healthcare,third-party
Methodist HospitalS,2020,"68,039.00",medical/healthcare,hacking
Mindjolt,2020,"28,364,826.00",web,hacking
Minehut,2020,"396,533.00",web,hacking
Ministry of Health (Singapore),2020,"14,200.00",medical/healthcare,inside_job
MixCloud,2020,"21,000,000.00",web,hacking
Mountberg Limited Casinos,2020,"108,000,000.00",web,misconfiguration
MoviePass,2020,"161,000,000.00",web,misconfiguration
NAIIS,2020,"80,000.00",medical/healthcare,misconfiguration
Neoclinical,2020,"37,000.00",medical/healthcare,misconfiguration
OnePlus,2020,1,tech,hacking
Operation Intelimost,2020,"3,073,409.00",web,misconfiguration
Ordine Avvocati di Roma,2020,"41,960.00",other,hacking
Orvibo,2020,"1,000,000.00",tech,misconfiguration
Orvis,2020,1,retail/hospitality,other
Panama Citizens,2020,"3,427,396.00",government/military,misconfiguration
PayMyTab,2020,"10,000.00",web,misconfiguration
PDL Customer,2020,"622,161,052.00",web,misconfiguration
Poshmark,2020,"50,000,000.00",retail/hospitality,hacking
Pouringpounds,2020,"1,000,000.00",finance/consulting,misconfiguration
PrankDial,2020,"138,000,000.00",telecommunications,misconfiguration
Pyramid Hotel Group,2020,1,retail/hospitality,misconfiguration
Quest Diagnostics,2020,"11,900,000.00",medical/healthcare,third-party
Quickbit,2020,"300,000.00",web,misconfiguration
Russian Citizens,2020,"20,000,000.00",government/military,misconfiguration
SavingStar,2020,"3,000,000.00",app,misconfiguration
Sberbank,2020,"18,000,000.00",finance/consulting,inside_job
Sephora,2020,"3,200,000.00",web,other
Sichuan Lianhao Technology Group Co. Ltd (Smart Family Doctor),2020,"24,000,000.00",medical/healthcare,misconfiguration
Social Engineered,2020,"89,392.00",web,hacking
Sonic Jobs,2020,"29,202.00",web,misconfiguration
Stella Prism,2020,"300,000.00",medical/healthcare,misconfiguration
Steps to Recovery,2020,"145,000.00",medical/healthcare,misconfiguration
StockX,2020,"7,431,360.00",web,hacking
Suprema,2020,"28,000,000.00",tech,misconfiguration
T-Mobile,2020,"1,000,000.00",telecommunications,hacking
Tech Data Corporation,2020,1,finance/consulting,misconfiguration
ToonDoo,2020,"6,002,694.00",web,hacking
Toyota,2020,"3,100,000.00",automotive/transportation,hacking
Transerve,2020,"458,388.00",tech,misconfiguration
TrendMicro,2020,"68,000.00",tech,inside_job
TrueDialog,2020,"100,000,000.00",tech,misconfiguration
Tu Ora Compass Health,2020,"1,000,000.00",medical/healthcare,hacking
Tuft & Needle,2020,"236,400.00",retail/hospitality,misconfiguration
UAB Alabama,2020,"20,000.00",medical/healthcare,hacking
UniCredit,2020,"3,000,000.00",finance/consulting,hacking
Universiti Teknologi MARA,2020,"1,164,540.00",education/academic,hacking
Facebook,2020,"267,140,436.00",web,misconfiguration
US Birth Certificates,2020,"752,000.00",government/military,misconfiguration
US Customers and Border Protection,2020,"100,000.00",government/military,third-party
US Households,2020,"80,000,000.00",web,misconfiguration
Vascepa,2020,"78,000.00",medical/healthcare,misconfiguration
Vedantu,2020,"686,899.00",education/academic,misconfiguration
Veed.io,2020,1,web,misconfiguration
Verifications.io,2020,"763,117,241.00",web,misconfiguration
Verlo Mattress Factory,2020,"387,604.00",web,misconfiguration
Vistaprint,2020,"51,000.00",web,misconfiguration
void.to,2020,"95,431.00",web,hacking
VoterVoice,2020,"300,000.00",government/military,misconfiguration
web.com,2020,"22,000,000.00",web,hacking
WeDidIt,2020,"7,500,000.00",web,misconfiguration
Westpac,2020,"98,000.00",finance/consulting,hacking
Whirlpool,2020,"48,000.00",tech,misconfiguration
Wiener Buchereien,2020,"224,119.00",web,hacking
Wifi Finder,2020,"2,000,000.00",app,misconfiguration
Wirecard AG,2020,"4,367,040.00",tech,hacking
Wizards of the Coast,2020,"452,634.00",web,misconfiguration
XKCD Forum,2020,"561,991.00",tech,hacking
xSocialMedia,2020,"150,000.00",tech,misconfiguration
YouHodler,2020,"80,000,000.00",tech,misconfiguration
YouNow,2020,"18,241,518.00",web,hacking
Yves Rocher,2020,"2,500,000.00",retail/hospitality,misconfiguration
Zooville,2020,"71,407.00",web,hacking
Zynga,2020,"218,000,000.00",tech,hacking
Wyze,2020,"2,400,000.00",tech,misconfiguration
The Cabinet Office,2020,"1,000.00",government/military,other
Big Asian Data Leak,2020,"2,700,000,000.00",web,misconfiguration
Posta Electtronica Certificata (PEC),2020,1,web,misconfiguration
Wawa,2020,1,retail/hospitality,hacking
Evite,2020,"10,000,000.00",web,hacking
Twitter,2020,"17,000,000.00",tech,other
Texas Lottery,2020,"89,000",government/military,inside_job
TikTok,2020,"42,000,000",tech,poor_security
Nintendo (Nintendo Account),2020,"160,000",tech,hacking
Tetrad,2020,"120,000,000",organization,poor_security
CheckFree Corporation,2020,"5,000,000",organization,hacking
Brooke Army Medical Center,2020,"1,000",medical/healthcare,lost/stolen
"Mid America Kidney Stone Association, LLC",2020,"1,000",medical/healthcare,hacking
"medical for Children with Special Needs, Inc.",2020,"3,800",medical/healthcare,lost/stolen
"Mark D. Lurie, MD",2020,"5,166",medical/healthcare,hacking
Yale University,2020,"43,000",education/academic,accidental
TD Ameritrade,2020,"6,300,000",organization,hacking
RBS Worldpay,2020,"1,500,000",organization,hacking
Service Personnel and Veterans Agency (UK),2020,"50,500",government/military,lost/stolen
Norwegian Tax Administration,2020,"3,950,000",government/military,accidental
Automatic Data Processing,2020,"125,000",organization,poor_security
Lincoln Medical & Mental Health Center,2020,"130,495",medical/healthcare,lost/stolen
SlickWraps,2020,"377,428",organization,poor_security
Monster.com,2020,"1,600,000",tech,hacking
Gap Inc.,2020,"800,000",organization,lost/stolen
Colorado government,2020,"105,470",medical/healthcare,lost/stolen
National Archives and Records Administration (U.S. military veterans records),2020,"76,000,000",government/military,lost/stolen
Griffin Hospital,2020,957,medical/healthcare,hacking
"Hypertension, Nephrology, Dialysis and Transplantation, PC",2020,"2,465",medical/healthcare,hacking
"Computer Program and Systems, Inc. (CPSI)",2020,768,tech,hacking
DSW Inc.,2020,"1,400,000",organization,hacking
Embassy Cables,2020,"251,000",government/military,inside_job
"AvMed, Inc.",2020,"1,220,000",medical/healthcare,lost/stolen
BlueCross BlueShield of Tennessee,2020,"1,023,209",medical/healthcare,lost/stolen
Ameritrade,2020,"200,000",organization,lost/stolen
"University of Louisville Research Foundation, Inc., DBA The Kidney Disease Program",2020,708,education/academic,hacking
Betsson Group,2020,0,tech,other
Clearview AI,2020,"3,000,000,000",tech,hacking
Koodo Mobile,2020,0,telecommunications,hacking
U.S. government (United States diplomatic cables leak),2020,"260,000",government/military,inside_job
Hewlett Packard,2020,"200,000",tech,lost/stolen
Virgin Media,2020,"900,000",organization,accidental
Heartland,2020,"130,000,000",organization,hacking
TK / TJ Maxx,2020,"94,000,000",organization,hacking
Unknown agency,2020,"200,000,000",organization,accidental
Citigroup,2020,"3,900,000",organization,lost/stolen
University of Utah Hospital & Clinics,2020,"2,200,000",education/academic,lost/stolen
Marriott International,2020,"5,200,000",organization,inside_job
Instagram,2020,"200,000,000",tech,poor_security
AOL,2020,"92,000,000",tech,inside_job
Dai Nippon Printing,2020,"8,637,405",organization,inside_job
Countrywide Financial Corp,2020,"2,600,000",organization,inside_job
AT&T,2020,"114,000",tech,hacking
Educational Credit Management Corporation,2020,"3,300,000",organization,lost/stolen
Betfair,2020,"2,300,000",tech,hacking
AOL,2020,"20,000,000",tech,accidental
UK Driving Standards Agency,2020,"3,000,000",government/military,lost/stolen
U.S. Army,2020,"392,000",government/military,inside_job
U.S. Department of Defense,2020,"72,000",government/military,lost/stolen
Auction.co.kr,2020,"18,000,000",tech,hacking
New York City Health & Hospitals Corp.,2020,"1,700,000",medical/healthcare,lost/stolen
Data Processors International,2020,"8,000,000",organization,hacking
Gawker,2020,"1,500,000",tech,hacking
Wawa (company),2020,"30,000,000",organization,hacking
UK Ministry of Defence,2020,"1,700,000",government/military,lost/stolen
EasyJet,2020,"9,000,000",organization,hacking
CardSystems Solutions Inc.,2020,"40,000,000",organization,hacking
Stanford University,2020,"72,000",education/academic,lost/stolen
Federal Reserve Bank of Cleveland,2020,"400,000",organization,hacking
UK Revenue & Customs,2020,"25,000,000",government/military,lost/stolen
"Affinity Health Plan, Inc.",2020,"344,579",medical/healthcare,lost/stolen
DentaQuest,2020,"10,515",organization,hacking
Comprehensive Care Management Corporation,2020,"1,020",medical/healthcare,lost/stolen
The Children's Medical Center of Dayton,2020,"1,001",medical/healthcare,lost/stolen
University of Kentucky,2020,"2,027",medical/healthcare,hacking
alma aguado md pa,2020,600,medical/healthcare,hacking
"Augusta Data Storage, Inc",2020,"14,000",organization,lost/stolen
University Health System,2020,"7,526",medical/healthcare,hacking
RockYou!,2020,"32,000,000",tech,hacking
"T-Mobile, Deutsche Telekom",2020,"17,000,000",tech,lost/stolen
Network Solutions,2020,"573,000",tech,hacking
UK Home Office,2020,"84,000",government/military,lost/stolen
Memorial Hospital of Gardena,2020,771,medical/healthcare,hacking
Oklahoma City VA Medical Center,2020,"1,950",medical/healthcare,lost/stolen
Kings County Hospital Center,2020,542,medical/healthcare,lost/stolen
University of Tennessee Medical Center,2020,"8,200",medical/healthcare,hacking
zarzamora family dental care,2020,800,medical/healthcare,hacking
Hospital Auxilio Mutuo,2020,"1,000",medical/healthcare,hacking
"Gair Medical Transcription Services, Inc.",2020,"1,085",organization,hacking
University of Miami,2020,"2,100,000",education/academic,lost/stolen
Health Net,2020,"500,000",medical/healthcare,lost/stolen
The Bank of New York Mellon,2020,"12,500,000",organization,lost/stolen
"Ankle & Foot Center of Tampa Bay, Inc.",2020,"156,000",medical/healthcare,hacking
JailCore,2020,"36,000",government/military,poor_security
"Emergency Healthcare Physicians, Ltd.",2020,"180,111",medical/healthcare,lost/stolen
Compass Bank,2020,"1,000,000",organization,inside_job
Ministry of Education (Chile),2020,"6,000,000",government/military,accidental
City and Hackney Teaching Primary Care Trust,2020,"160,000",medical/healthcare,lost/stolen
AT&T,2020,"113,000",tech,lost/stolen
Hannaford Brothers Supermarket Chain,2020,"4,200,000",organization,hacking
JP Morgan Chase,2020,"2,600,000",organization,lost/stolen
YouTube,2020,"4,000,000",tech,poor_security
"Jefferson County, West Virginia",2020,"1,600,000",government/military,accidental
GS Caltex,2020,"11,100,000",organization,inside_job
U.S. Department of Veteran Affairs,2020,"26,500,000",government/military,lost/stolen
"University of California, Berkeley",2020,"160,000",education/academic,hacking
Virginia Prescription Monitoring Program,2020,"531,400",medical/healthcare,hacking
Starbucks,2020,"97,000",organization,lost/stolen
Virginia Department of Health,2020,"8,257,378",government/military,hacking
Fidelity National Information Services,2020,"8,500,000",organization,inside_job
Ohio State University,2020,"760,000",education/academic,hacking
"South Shore Hospital, Massachusetts",2020,"800,000",medical/healthcare,lost/stolen
KDDI,2020,"4,000,000",tech,hacking
"Seacoast Radiology, PA",2020,"231,400",medical/healthcare,hacking
Puerto Rico Department of Health,2020,"515,000",medical/healthcare,hacking
National Guard of the United States,2020,"131,000",government/military,lost/stolen
CheckPeople,2020,"56,000,000",organization,other
"Triple-S Salud, Inc.",2020,"398,000",medical/healthcare,lost/stolen
Bank of America,2020,"1,200,000",organization,lost/stolen
oneclass,2020,"1,000,000",education/academic,hacking
Bluekai,2020,"2,000,000,000",organization,hacking
Postbank,2020,"8,000,000",organization,hacking
Keepnet Labs,2020,"50,000,000,000",organization,hacking
 CPA ,2020,"329,000",tech,hacking
 Truecaller,2020,"4,750,000",tech,hacking
 LiveJournal,2020,"26,300,000",organization,hacking
AIS,2020,"8,300,000,000",organization,hacking
 Mathway,2020,"2,500,000",education/academic,hacking
EHTERAZ,2020,"100,000,000",tech,hacking
 Indonesia,2020,"2,300,000",government/military,hacking
EasyJet,2020,"9,000,000",organization,hacking
CDEC ,2020,"9,000,000",organization,hacking
 MobiFriends,2020,"3,700,000",organization,hacking
Unacademy,2020,"21,909,707",education/academic,hacking
Tokopedia,2020,"9,100,000",organization,hacking
ExecuPharm,2020,"5,600,000",medical/healthcare,hacking
Nintendo,2020,"160,000",tech,hacking
GoDaddy,2020,"28,000",tech,hacking
Marriott,2020,"5,200,000",organization,hacking
 Norwegian Cruise Line,2020,"3,700,000",organization,hacking
Rogers,2020,"78,000",tech,hacking
Princess Cruises,2020,"69,000",organization,hacking
 The Dutch Government,2020,"6,900,000",government/military,hacking
"Antheus Tecnologia,",2020,"810,000,000",tech,hacking
goth,2020,"201,162,598",organization,hacking
Virgin Media,2020,"9,000,000",tech,hacking
"Slickwraps,",2020,"330,000",organization,hacking
The United Nations,2020,"51,600,000",organization,hacking
LabCorp,2020,"10,000",organization,hacking
Wyze,2020,"2,400,000",tech,hacking
Wawa,2020,"550,000",organization,hacking
 Facebook,2020,"26,700,000",tech,hacking
LifeLabs,2020,"1,500,000",medical/healthcare,hacking
OnePlus,2020,"450,000",tech,hacking
T-Mobile,2020,"1,000,000",tech,hacking
MIcrosoft,2020,250000000,tech,hacking
Toyota,2020,120000000,organization,hacking
ÒUniCredit,2020,3000000,organization,hacking
7Eleven,2020,5000000,tech,hacking
Web.com,2020,10000000,organization,hacking
Malindo Air,2020,20000000,organization,hacking
Novaestrat,2020,20000000,tech,other
Get,2020,50000,tech,hacking
ÒHostinger,2020,14000000,tech,other
Suprema,2020,1000000,tech,hacking
CafePress,2020,23000000,organization,hacking
Poshmark,2020,50000000,organization,hacking
Capital One,2020,100000000,organization,hacking
QuickBit,2020,300000,organization,hacking
Bulgariaås National Revenue Agency,2020,5000000,organization,hacking
Los Angeles County Department of medical,2020,14600,medical/healthcare,hacking
Maryland Department of Labor,2020,78000,organization,hacking
ÒNASA,2020,524288000,organization,hacking
Emuparadise,2020,11000000,tech,hacking
Labcorp,2020,7700000,medical/healthcare,hacking
Quest Diagnostics,2020,11900000,medical/healthcare,hacking
Checkers Restaurants,2020,20000,organization,hacking
Flipboard,2020,120000,tech,hacking
Canva,2020,1390000000,tech,hacking
Chtrbox,2020,490000000,organization,hacking
AMC Networks,2020,1600000,tech,other
Microsoft Email Services,2020,10200000,tech,hacking
Facebook,2020,5400000000,tech,other
"Texas Health Care, P.L.L.C.",2020,554,medical/healthcare,lost/stolen
Wm. Jennings Bryan Dorn VAMC,2020,7405,medical/healthcare,hacking
John J. Pershing VA Medical Center,2020,589,medical/healthcare,lost/stolen
Oregon Health & Science University,2020,1076,organization,hacking
Valley Mental Health,2020,700,medical/healthcare,other
Laboratory Corporation of America,2020,1580,organization,hacking
"Arizona Counseling & Treatment Services, LLC",2020,3800,medical/healthcare,lost/stolen
University of Rochester Medical Center & Affiliates,2020,537,organization,hacking
AssuranceMD f/k/a Harbor Group,2020,22000,organization,hacking
"North Atlantic Telecom, Inc.",2020,539,medical/healthcare,lost/stolen
"E-dreamz, Inc.",2020,1924,medical/healthcare,hacking
Dent Neurologic Institute,2020,10000,organization,lost/stolen
Lutheran Social Services of South Central Pennsylvania,2020,7803,organization,hacking
Health Resources of Arkansas,2020,1900,medical/healthcare,hacking
University of Florida,2020,5875,medical/healthcare,lost/stolen
Palm Beach County Health Department,2020,877,organization,hacking
"Gulf Breeze Family Eyecare, Inc",2020,9626,organization,lost/stolen
Jacksonville Spine Center,2020,5200,medical/healthcare,hacking
Iowa Department of Human Services,2020,7335,medical/healthcare,hacking
CVS Caremark,2020,4305,medical/healthcare,hacking
"South Florida Neurology Associates, P.A.",2020,900,medical/healthcare,other
Family Health Network,2020,3133,medical/healthcare,lost/stolen
ZDI,2020,4718,medical/healthcare,hacking
Children's Medical Center of Dallas,2020,2462,organization,hacking
Shred-it International Inc.,2020,277014,medical/healthcare,lost/stolen
Illinois Department of Healthcare and Family Services,2020,251,medical/healthcare,hacking
"GEO Care, LLC",2020,710,medical/healthcare,lost/stolen
Rocky Mountain Spine Clinic,2020,532,medical/healthcare,hacking
"Vitreo-Retinal Medical Group, Inc. ",2020,1837,medical/healthcare,other
Baylor All Saints Medical Center at Fort Worth,2020,940,medical/healthcare,hacking
M2ComSys Inc.,2020,32151,organization,hacking
"Advocate Health and Hospitals Corporation, d/b/a Advocate Medical Group",2020,4029530,organization,hacking
"Summit Community Care Clinic, Inc.",2020,921,organization,hacking
Kaiser Foundation Health Plan of the Northwest,2020,647,medical/healthcare,other
"Hankyu Chung, M.D.",2020,2182,medical/healthcare,hacking
"ICS Collection Service, Inc.",2020,1290,organization,hacking
"NHC HealthCare, Mauldin",2020,4204,medical/healthcare,hacking
Group Health Cooperative,2020,1015,organization,hacking
CaroMont Medical Group,2020,1310,medical/healthcare,hacking
Saint Louis University,2020,3100,organization,hacking
BlackHawk,2020,7120,medical/healthcare,lost/stolen
Rose Medical Center,2020,606,medical/healthcare,hacking
"Hope Community Resources, Inc.",2020,1556,medical/healthcare,hacking
Texas Health Presbyterian Dallas Hospital,2020,949,organization,hacking
Ferris State University MI College of Optometry,2020,3947,medical/healthcare,other
"none, Seton Healthcare Family",2020,5500,medical/healthcare,other
"Martin Luther King Jr. Health Center, Inc.",2020,37000,medical/healthcare,hacking
AHMC Healthcare Inc. and affiliated Hospitals,2020,729000,medical/healthcare,hacking
"Greater Dallas Orthopaedics, PLLC",2020,5840,organization,hacking
"Spirit Home Health Care, Corp",2020,603,medical/healthcare,lost/stolen
Comprehensive Psychological Services LLC,2020,3500,medical/healthcare,lost/stolen
Genesis Rehabilitation Services,2020,1167,organization,hacking
"Colorado Health & Wellness, Inc.",2020,651,organization,lost/stolen
DaVita,2020,11500,medical/healthcare,hacking
North Carolina Department of Health and Human Services - Division of State Operated Health Care Facilities,2020,1315,medical/healthcare,hacking
Kemmet Dental Design,2020,2000,medical/healthcare,hacking
All Source Medical Management,2020,1456,medical/healthcare,lost/stolen
Memorial Sloan-Kettering Cancer Center,2020,2279,medical/healthcare,hacking
Health Fitness Corporation,2020,3804,organization,hacking
Ronald Schubert MD PLLC,2020,950,organization,hacking
"UW Medicine, Privacy Manager - Breach",2020,76183,medical/healthcare,hacking
City of Chicago,2020,2080,medical/healthcare,hacking
"American Anesthesiology, Inc.",2020,1000,medical/healthcare,hacking
Medical Mutual of Ohio,2020,643,organization,other
"Quality Health Claims Consultants, LLC",2020,1573,organization,other
The Good Samaritan Health Center,2020,5000,medical/healthcare,hacking
PruittHealth Corporation,2020,4500,medical/healthcare,lost/stolen
Walgreen Co.,2020,17350,medical/healthcare,hacking
Methodist Dallas Medical Center,2020,44000,organization,hacking
Florida Digestive Health Specialists,2020,4400,medical/healthcare,hacking
"Northside Hospital, Inc.",2020,4879,medical/healthcare,lost/stolen
"Health Help, Inc.",2020,535,medical/healthcare,hacking
L.A. Gay & Lesbian Center,2020,59000,medical/healthcare,hacking
Mosaic,2020,3857,medical/healthcare,lost/stolen
DeLoach & Williamson,2020,3432,organization,hacking
"Rob Meaglia, DDS",2020,1400,medical/healthcare,other
Phoebe Putney Memorial Hospital,2020,6989,organization,lost/stolen
Coulee Medical Center,2020,2500,medical/healthcare,hacking
"RevSpring, Inc.",2020,3000,medical/healthcare,hacking
"101 Family Medical Group, Privacy Manager Breach",2020,2500,organization,lost/stolen
Virginia Premier Health Plan (VPHP),2020,25513,medical/healthcare,hacking
Southwest General Health Center,2020,953,medical/healthcare,hacking
"RGH Enterprises, Inc.",2020,4230,medical/healthcare,hacking
"Alamo Consumer Direct, LLC",2020,10000,medical/healthcare,hacking
Health Dimensions,2020,5370,medical/healthcare,other
"Robert B. Neves, M.D.",2020,611,medical/healthcare,hacking
"Triple-S Salud, Inc. - Breach Case#2",2020,398000,medical/healthcare,hacking
"Birmingham Printing and Publishing, Inc dba Paper Airplane",2020,1085,medical/healthcare,hacking
University of Wisconsin-Madison School of Pharmacy,2020,41437,medical/healthcare,lost/stolen
Beebe Medical Center,2020,1883,medical/healthcare,hacking
St Joseph Health System,2020,405000,medical/healthcare,lost/stolen
WA State Department of Social & medical,2020,3104,medical/healthcare,hacking
"StayWell Health Management, LLC",2020,10024,medical/healthcare,hacking
"StayWell Health Management, LLC",2020,4786,medical/healthcare,lost/stolen
"PracMan, Inc.",2020,1179,medical/healthcare,other
Iowa Dept. of Human Services,2020,2042,medical/healthcare,other
Hospitalists of Arizona,2020,1706,medical/healthcare,other
TMA Practice Management Group,2020,2260,medical/healthcare,hacking
Berea College,2020,1000,medical/healthcare,lost/stolen
Yellowstone Boys and Girls Ranch,2020,543,medical/healthcare,lost/stolen
NOVA Chiropractic & Rehab Center,2020,5534,organization,lost/stolen
Palomar Health,2020,5499,medical/healthcare,hacking
Medical Center of Plano,2020,1000,medical/healthcare,other
Indian Health Service,2020,214000,medical/healthcare,hacking
Cigna,2020,527,organization,hacking
Greenwood Leflore Hospital,2020,3750,medical/healthcare,hacking
Larsen Dental Care LLC,2020,6900,medical/healthcare,hacking
Centura Health,2020,12286,medical/healthcare,hacking
Baylor Medical Center at McKinney,2020,1253,organization,hacking
Baylor Medical Center at Irving,2020,2308,organization,hacking
HealthTexas Provider Network,2020,2742,medical/healthcare,lost/stolen
"Porter, MD, Steven",2020,1200,medical/healthcare,hacking
"Molina Healthcare of New Mexico, Inc.",2020,4744,medical/healthcare,hacking
Blue Cross Blue Shield of Michigan Blue Care Network,2020,502,organization,hacking
"Sutherland Healthcare Solutions, Inc.",2020,342197,medical/healthcare,lost/stolen
Bay Park Hospital,2020,594,medical/healthcare,lost/stolen
Walgreen Co.,2020,540,medical/healthcare,hacking
"David DiGiallorenzo, D.M.D.",2020,11000,medical/healthcare,hacking
Rady Children's Hospital - San Diego,2020,14121,medical/healthcare,hacking
D&J Optical Inc.,2020,1100,organization,lost/stolen
Highmark Inc.,2020,2589,medical/healthcare,hacking
"InSync Computer Solutions, Inc.",2020,50918,medical/healthcare,hacking
Minneapolis VA Health Care System,2020,500,medical/healthcare,other
Administracion de Seguros de Salud - Triple S Salud Inc (BA),2020,7911,organization,other
"StayWell Health Management, LLC",2020,4487,medical/healthcare,hacking
Jersey City Medical Center - Barnabas Health,2020,36400,medical/healthcare,hacking
"PST Services Inc, a McKesson Co.",2020,10104,medical/healthcare,hacking
Kaiser Foundation Health Plan of Colorado,2020,11551,medical/healthcare,hacking
"CareAll Management, LLC",2020,28300,medical/healthcare,hacking
Iron Mountain Records Management,2020,1674,medical/healthcare,other
Iron Mountain Incorporated,2020,10000,medical/healthcare,hacking
University Health,2020,6073,medical/healthcare,hacking
Tri-City Medical Center,2020,500,organization,hacking
Dennis Flynn MD,2020,13646,organization,hacking
Specialty Clinics Of Georgia - Orthopaedics,2020,2350,organization,lost/stolen
Aventura Hospital and Medical Center,2020,948,medical/healthcare,hacking
Midwest Womens Healthcare Specialist,2020,1376,medical/healthcare,hacking
Metropolitan Government of Nashville and Davidson County (Metro) Public Health Department,2020,1717,medical/healthcare,hacking
Memorial Hermann Health System,2020,10604,organization,hacking
Emdeon,2020,566,medical/healthcare,other
The WellPoint Affiliated Covered Entities,2020,1464,organization,hacking
"Thomas Cristello, Chiropractor PC",2020,914,medical/healthcare,lost/stolen
"ENT Partners of Texas (legally known as Irving-Coppell Ear, Nose and Throat) ",2020,789,medical/healthcare,hacking
South Suburban HIV/AIDS Regional Clinics,2020,767,medical/healthcare,lost/stolen
"Research Integrity, LLC",2020,4077,medical/healthcare,hacking
Madison Street Provider Network,2020,523,organization,hacking
"Compassionate Care Hospice of Central Louisiana, LLC",2020,707,organization,hacking
"American Family Care, Inc.",2020,2588,medical/healthcare,hacking
"U.S. Health Holdings, Ltd. o/b/o Macomb County, Michigan",2020,6302,medical/healthcare,other
"Touchstone Medical Imaging, LLC",2020,307528,medical/healthcare,hacking
Albertina Kerr Centers,2020,1320,organization,hacking
Vcarve LLC d/b/a MD Manage,2020,585,medical/healthcare,lost/stolen
VARO Healthcare,2020,1667,medical/healthcare,hacking
vonica chau DDS PA,2020,810,medical/healthcare,hacking
University of California Davis Medical Center,2020,1326,medical/healthcare,other
South Texas Veterans Health Care System,2020,4000,medical/healthcare,hacking
Cone Health Medical Group,2020,1872,medical/healthcare,hacking
Region Six of the Georgia Department of Behavioral Health and Developmental Disabilities,2020,3397,medical/healthcare,lost/stolen
Southwest Virginia Physicians for Women,2020,568,organization,hacking
"Quraishi, Nisar A ",2020,20000,medical/healthcare,hacking
Weill Cornell Medical College,2020,3936,medical/healthcare,other
Visionworks Inc.,2020,74944,medical/healthcare,hacking
"Indian Health Service, Aberdeen Area Office",2020,40521,organization,hacking
Iron Mountain,2020,2691,medical/healthcare,hacking
REEVE-WOODS EYE CENTER,2020,30000,medical/healthcare,hacking
Kirkbride Center,2020,860,organization,hacking
"MetroPlus Health Plan, Inc.",2020,31980,medical/healthcare,hacking
Visionworks Inc.,2020,47683,medical/healthcare,lost/stolen
Northfield Hospital & Clinics,2020,1778,medical/healthcare,lost/stolen
ReachOut Home Care [Case #16687],2020,4500,medical/healthcare,hacking
Sony Pictures Entertainment Health and Welfare Benefits Plan (the Plan),2020,30000,medical/healthcare,other
Clay County Hospital,2020,12621,medical/healthcare,hacking
Walgreen Co.,2020,160000,organization,lost/stolen
"Mercy Medical Center Redding - Oncology Clinic, Privacy Manager Breach",2020,21000,medical/healthcare,hacking
Northwestern Memorial HealthCare,2020,16025,organization,lost/stolen
Saint Louis County Department of Health,2020,4000,medical/healthcare,hacking
Ministry of Health (Singapore),2019,"14,200",medical/healthcare,inside_job
Universiti Teknologi MARA,2019,"1,164,540",education/academic,hacking
Woodruff Arts Center,2019,0,organization,poor_security
ElasticSearch,2019,"108,000,000",tech,poor_security
Facebook,2019,"540,000,000",tech,poor_security
2019 Bulgarian revenue agency hack,2019,"5,000,000",government/military,hacking
Adobe Inc.,2019,"7,500,000",tech,poor_security
DoorDash,2019,"4,900,000",tech,hacking
Zynga,2019,"173,000,000",tech,hacking
Canva,2019,"140,000,000",tech,hacking
Cook County Health & Hospitals System,2019,"267,000,000",tech,poor_security
Desjardins,2019,"2,900,000",organization,inside_job
Airtel,2019,"320,000,000",telecommunications,poor_security
Quest Diagnostics,2019,"11,900,000",organization,poor_security
MongoDB,2019,"275,000,000",tech,poor_security
Capital One,2019,"106,000,000",organization,unprotected
Mobile TeleSystems (MTS),2019,"100,000,000",telecommunications,misconfiguration
LifeLabs,2019,"15,000,000",medical/healthcare,hacking
Justdial,2019,"100,000,000",tech,unprotected
Microsoft,2019,"250,000,000",tech,misconfiguration
Amazon Japan G.K.,2019,0,tech,accidental
Facebook,2019,"1,500,000",tech,accidental
Health Sciences Authority (Singapore),2019,"808,000",medical/healthcare,poor_security
MongoDB,2019,"202,000,000",tech,poor_security
Westpac,2019,"98,000",organization,hacking
First American Corporation,2019,"885,000,000",organization,poor_security
StockX,2019,"6,800,000",organization,hacking
Truecaller,2019,"299,055,000",tech,other
Australian National University,2019,6935,education/academic,hacking
"IHC medical, Inc. dba Intermountain Life Flight",2019,857,medical/healthcare,hacking
Seattle - King County Department of Public Health,2019,750,medical/healthcare,hacking
James A. Fosnaugh,2019,2125,medical/healthcare,lost/stolen
Lone Star Circle of Care,2019,1955,medical/healthcare,hacking
Samaritan Regional Health System,2019,2203,organization,other
MED-EL Coproration,2019,609,organization,hacking
The Brookdale Hospital and Medical Center,2019,2700,medical/healthcare,hacking
Anthem BCBS of GA,2019,5497,medical/healthcare,hacking
Dermatology Associates of Tallahassee,2019,915,organization,lost/stolen
Carol L Patrick Ph. D.,2019,517,medical/healthcare,hacking
Florida Department of Health,2019,2354,medical/healthcare,hacking
Network Pharmacy Knoxville,2019,9602,organization,hacking
Saint Francis Hospital and Medical Center,2019,858,medical/healthcare,hacking
The Brooklyn Hospital Center,2019,2172,medical/healthcare,lost/stolen
Geisinger Bloomsburg Hospital,2019,3101,medical/healthcare,hacking
Presence Health,2019,836,organization,hacking
"Supportive Concepts for Families, Inc.",2019,593,medical/healthcare,hacking
"St. Vincent Hospital and Healthcare, Inc",2019,1142,medical/healthcare,hacking
"StayWell Health Management, LLC",2019,1511,medical/healthcare,hacking
Banner Health,2019,55207,organization,hacking
"HealthPartners Administrators, Inc.",2019,1699,medical/healthcare,hacking
Talyst,2019,1079,organization,lost/stolen
Stoetzel's Planet Chiropractic,2019,1000,organization,hacking
"Myriad Genetic Laboratories, Inc.",2019,643,medical/healthcare,hacking
Presence St. Joseph's Medical Center,2019,836,medical/healthcare,lost/stolen
"University Urology, P.C.",2019,1144,medical/healthcare,hacking
Flowers Hospital,2019,629,organization,lost/stolen
UMass Memorial Medical Center,2019,2387,medical/healthcare,hacking
Options Counseling Center,2019,2828,organization,other
Elliot Health System,2019,1208,medical/healthcare,hacking
Mark A. Gillispie,2019,5845,organization,hacking
"Doctors First Choice Billings, Inc.",2019,1831,organization,other
"St. Vincent Hospital and Health Care Center, Inc.",2019,63325,medical/healthcare,lost/stolen
Indian Health Service -Rosebud,2019,620,medical/healthcare,hacking
Self Regional Healthcare,2019,38906,medical/healthcare,lost/stolen
Midwest Urological Group,2019,982,medical/healthcare,lost/stolen
Portland VA Medical Center,2019,1740,organization,hacking
"Baptist Primary Care, Inc.",2019,1449,medical/healthcare,lost/stolen
True Vision Eyecare,2019,542,medical/healthcare,hacking
The Hearing Zone,2019,623,medical/healthcare,hacking
Florida Department of Health,2019,2477,medical/healthcare,hacking
"The Corvallis Clinic, P.C.",2019,41000,medical/healthcare,hacking
Children's Eyewear Sight,2019,1030,organization,hacking
WordPress,2018,20000,tech,hacking
MyHeritage,2018,"92,283,889",organization,other
Cathay Pacific Airways,2018,"9,400,000",organization,hacking
Bell Canada,2018,"100,000",tech,hacking
Under Armour,2018,"150,000,000",organization,hacking
Bethesda Game Studios,2018,0,tech,accidental
Popsugar,2018,"123,857",organization,hacking
500px,2018,"14,870,304",tech,hacking
Orbitz,2018,"880,000",tech,hacking
BMO and Simplii,2018,"90,000",organization,poor_security
Earl Enterprises,2018,"2,000,000",organization,hacking
SingHealth,2018,"1,500,000",government/military,hacking
AerServ (subsidiary of InMobi),2018,"75,000",retail/hospitality,hacking
Blank Media Games,2018,"7,633,234",tech,hacking
Dubsmash,2018,162 000000,tech,hacking
Facebook,2018,"50,000,000",tech,poor_security
Quora,2018,"100,000,000",tech,hacking
Marriott International,2018,"500,000,000",organization,hacking
Exactis,2018,"340,000,000",organization,poor_security
2018 British Airways cyberattack,2018,"500,000",organization,hacking
Reddit,2018,0,tech,hacking
Google Plus,2018,"500,000",tech,poor_security
Centers for Medicare & Medicaid Services,2018,"75,000",medical/healthcare,hacking
Ticketfly (subsidiary of Eventbrite),2018,"26,151,608",organization,hacking
Typeform,2018,0,tech,poor_security
HauteLook,2018,"28,517,244",organization,hacking
United States Postal Service,2018,"60,000,000",government/military,poor_security
Air Canada,2018,"20,000",organization,hacking
Patterson Dental Supply/Patterson Companies,2018,6400,medical/healthcare,lost/stolen
ZDI,2018,14829,medical/healthcare,other
Indiana University Health Arnett,2018,10350,medical/healthcare,hacking
Sonoma Valley Hospital,2018,1386,organization,hacking
Lincoln County Health and Human Services/Lincoln Community Health Center,2018,959,medical/healthcare,hacking
"Medtronic, Inc.",2018,2764,organization,hacking
Louisiana State University Health Care Services Division,2018,6994,medical/healthcare,hacking
Health Resources of Arkansas,2018,1911,medical/healthcare,other
"Cogent Healthcare, Inc.",2018,32000,medical/healthcare,hacking
PHMHS,2018,5000,medical/healthcare,lost/stolen
Advocate Health and Hospitals Corporation d/b/a Advocate Medical Group,2018,2029,medical/healthcare,lost/stolen
"Paul G. Klein, DPM",2018,2500,medical/healthcare,other
Schuylkill Health System,2018,2810,medical/healthcare,hacking
Broward Health Medical Center,2018,960,medical/healthcare,hacking
Associated Urologists of North Carolina,2018,7300,organization,other
UPMC,2018,1279,organization,hacking
Molina Healthcare In,2018,1499,medical/healthcare,hacking
Barry University,2018,9017,medical/healthcare,lost/stolen
COMPLETE MEDICAL HOMECARE,2018,1700,organization,hacking
"Min Yi, M.D.",2018,4676,medical/healthcare,hacking
University of California Davis Medical Center,2018,2269,organization,lost/stolen
"Todd M. Burton, M.D.",2018,5000,medical/healthcare,hacking
"San Francisco General Hospital & Trauma Center, Privacy Manager Breach",2018,55900,medical/healthcare,hacking
"Healthy Connections, Inc",2018,793,medical/healthcare,hacking
Willis North America Inc. Medical Expense Benefit Plan,2018,4830,organization,hacking
MDF Transcription Services,2018,15265,medical/healthcare,hacking
Santa Rosa Memorial Hospital,2018,33702,organization,other
"Colorado Neurodiagnostics, PLLC",2018,750,medical/healthcare,hacking
VA Long Beach Healthcare System,2018,592,organization,hacking
Dr. Veronica Joann Barber,2018,4000,organization,hacking
"PRN Medical Services, LLC dba Symbius Medical, LLC",2018,13877,organization,hacking
Onsite Health Diagnostics (OHD),2018,60582,organization,hacking
"Bulloch Pediatric Group, LLC",2018,10000,medical/healthcare,other
New Mexico VA Health Care System,2018,2657,medical/healthcare,hacking
Colorado Department of Health Care Policy & Financing,2018,15380,medical/healthcare,hacking
Memorial Healthcare System,2018,1782,medical/healthcare,hacking
"Computer Programs and Systems, Inc. ",2018,25764,medical/healthcare,hacking
Independence Blue Cross and AmeriHealth New Jersey,2018,12450,organization,hacking
University Hospitals,2018,833,medical/healthcare,hacking
Uber,2017,"57,000,000",organization,hacking
Bell Canada,2017,"1,900,000",tech,poor_security
"Gary C. Spinks, DMD, PC",2017,"1,000",medical/healthcare,hacking
Taringa!,2017,"28,722,877",tech,hacking
Defense Integrated Data Center (South Korea),2017,246415360,government/military,hacking
Deloitte,2017,3505214,finance/consulting,poor_security
Heathrow Airport,2017,2621440,organization,lost/stolen
Grozio Chirurgija,2017,"25,000",medical/healthcare,hacking
Equifax,2017,"163,119,000",organization,poor_security
"HealthCare for Women, Inc.",2017,8727,medical/healthcare,hacking
UMASSAmherst,2017,1670,medical/healthcare,hacking
"Horizon Healthcare Services, Inc., doing business as Horizon Blue Cross Blue Shield of New Jersey, and its affiliates",2017,839711,organization,hacking
Cook County Health & Hospitals System,2017,22511,medical/healthcare,lost/stolen
"Triple-C, Inc.",2017,8000,medical/healthcare,lost/stolen
"Lewis J. Sims, DPM, PC dba Sims and Associates Podiatry ",2017,6475,medical/healthcare,other
Inspira Health Network Inc.,2017,1411,organization,hacking
"HealthPartners Administrators, Inc.",2017,715,medical/healthcare,lost/stolen
Sutherland Healthcare Solutions,2017,55900,medical/healthcare,hacking
"State Long Term Care Ombudsmans Office, Michigan Department of Community Health",2017,2595,medical/healthcare,hacking
Reading Health System,2017,1845,medical/healthcare,hacking
OptumRx,2017,5696,medical/healthcare,hacking
Open Cities Health Center,2017,1304,medical/healthcare,lost/stolen
"Central Dermatology Center, P.A.",2017,76258,medical/healthcare,other
Brigham and Women's Hospital,2017,999,medical/healthcare,lost/stolen
"District Medical Group, Privacy Manager Breach",2017,616,organization,other
"Aspire Indiana, Inc.",2017,43890,medical/healthcare,hacking
University of Central Florida,2016,"63,000",education/academic,hacking
TaxSlayer.com,2016,"8,800",tech,hacking
US Department of Homeland Security,2016,"30,000",government/military,poor_security
Rosen Hotels,2016,0,organization,hacking
21st Century Oncology,2016,"2,200,000",medical/healthcare,hacking
"University of California, Berkeley",2016,"80,000",education/academic,hacking
Democratic National Committee,2016,"19,252",organization,other
Philippines Commission on Elections,2016,"55,000,000",government/military,hacking
Weebly,2016,"43,430,316",tech,hacking
Friend Finder Networks,2016,"412,214,295",tech,poor_security
Apple Health Medicaid,2016,"91,000",medical/healthcare,poor_security
Ofcom,2016,0,tech,inside_job
Nival Networks,2016,"1,500,000",tech,hacking
Taobao,2016,"20,000,000",organization,hacking
Central Coast Credit Union,2016,"60,000",organization,hacking
EyeWire,2016,0,tech,lost/stolen
Gyft,2016,0,tech,hacking
KM.RU,2016,"1,500,000",tech,hacking
Inuvik hospital,2016,"6,700",medical/healthcare,inside_job
Verizon Communications,2016,"1,500,000",tech,hacking
Cox Communications,2016,"40,000",tech,hacking
Goold Health System (Goold),2016,6332,organization,lost/stolen
"QuickRunner, Inc. (dba, RoadRunner Mailing Services)",2016,2455,organization,hacking
Kmart Corporation,2016,12542,medical/healthcare,hacking
PORTAL HEALTHCARE SOLUTIONS LLC,2016,2360,organization,hacking
Raleigh Orthopaedic Clinic,2016,17300,medical/healthcare,hacking
Regional Medical Center,2016,1180,medical/healthcare,hacking
Sheet Metal Local 36 Welfare Fund,2016,4560,organization,lost/stolen
"InfoCrossing, Inc.",2016,1357,medical/healthcare,hacking
Elbowoods Memorial Health Center,2016,10000,organization,lost/stolen
Atlanta Center for Reproductive Medicine,2016,654,medical/healthcare,hacking
St. Anthony's Physician Organization,2016,2600,organization,hacking
"Access Counseling, LLC",2016,566,medical/healthcare,hacking
Bronx Lebanon Hospital Center,2016,10930,medical/healthcare,hacking
UHS-Pruitt Corporation,2016,1300,medical/healthcare,lost/stolen
Redwood Memorial Hospital,2016,1039,medical/healthcare,hacking
Wyoming Department of Health,2016,11935,organization,hacking
Wyoming Department of Health,2016,11935,organization,hacking
Colorado Community Health Alliance (CCHA)/Physicians Health Partners,2016,1918,medical/healthcare,hacking
Data Media,2016,600,medical/healthcare,hacking
Triple S Salud Inc.,2016,7911,medical/healthcare,hacking
Group Health Plan of Hurley Medical Center,2016,2289,medical/healthcare,hacking
Rady Children's Hospital - San Diego,2016,6307,medical/healthcare,hacking
The Union Labor Life Insurance Company,2016,42713,medical/healthcare,hacking
Montana Department of Public Health & Human Services,2016,1062509,organization,lost/stolen
Rite Aid Store 5256,2016,522,medical/healthcare,hacking
"24 ON Physicians, PC/In Compass Health,Inc.",2016,520,medical/healthcare,other
Valesco Ventures,2016,82601,medical/healthcare,hacking
Kmart Corporation,2016,1866,medical/healthcare,hacking
M&M Computer Services,2016,4500,organization,hacking
City of Dallas Fire-Rescue Department,2016,1000,medical/healthcare,hacking
"Jessie Trice Community Health Center, Inc.",2016,7888,organization,hacking
Premera,2015,"11,000,000",medical/healthcare,hacking
Scottrade,2015,"4,600,000",organization,hacking
Excellus BlueCross BlueShield,2015,"10,000,000",medical/healthcare,hacking
Xat.com,2015,"6,054,459",tech,other
Slack,2015,"500,000",tech,poor_security
Patreon,2015,"2,300,000",tech,hacking
CVS,2015,2000000,organization,hacking
Starwood Hotels including Westin Hotels and Sheraton hotel,2015,54215,organization,hacking
CareFirst BlueCross Blue Shield - Maryland,2015,"1,100,000",medical/healthcare,hacking
Walmart,2015,"1,300,000",organization,hacking
Australian Immigration Department,2015,0,government/military,accidental
VTech,2015,"5,000,000",organization,hacking
Wendy's,2015,0,organization,hacking
Hyatt Hotels,2015,250,organization,hacking
Ashley Madison,2015,"32,000,000",tech,hacking
Experian - T-Mobile US,2015,"15,000,000",tech,hacking
Internal Revenue Service,2015,"720,000",organization,hacking
Natural Grocers,2015,935641,organization,hacking
H.E.L.P. Financial Corporation,2015,"9,475",organization,hacking
Anthem Inc.,2015,"80,000,000",medical/healthcare,hacking
Twitch,2015,0,tech,hacking
"UCLA Medical Center, Santa Monica",2015,"4,500,000",medical/healthcare,hacking
US Office of Personnel Management,2015,"21,500,000",government/military,hacking
"Landry's, Inc.",2015,500,organization,hacking
British Airways,2015,100000,organization,hacking
Ancestry.com,2015,"300,000",tech,poor_security
Medical Informatics Engineering,2015,"3,900,000",medical/healthcare,hacking
Bailey's Inc.,2015,"250,000",organization,hacking
Maine Medical Center,2015,1920,medical/healthcare,hacking
Rite Aid #10217,2015,2600,medical/healthcare,lost/stolen
TMG Health,2015,3794,medical/healthcare,hacking
"E-dreamz, Inc.",2015,9988,medical/healthcare,lost/stolen
Long Beach Memorial Medical Center,2015,2864,medical/healthcare,hacking
Hansen and Associates,2015,2700,medical/healthcare,lost/stolen
Harris County,2015,21000,medical/healthcare,hacking
Young Family Medicine Inc.,2015,2045,medical/healthcare,lost/stolen
Foundations Recovery Network,2015,5690,medical/healthcare,lost/stolen
"InfoCrossing, Inc.",2015,25461,organization,hacking
"Sarah Benjamin, DPM - Littleton Podiatry",2015,3512,medical/healthcare,hacking
HOPE Family Health,2015,6932,medical/healthcare,hacking
TSYS Employee Health Plan,2015,5232,organization,hacking
"Reimbursement Technologies, Inc.",2015,2300,organization,hacking
Barnabas Health Medical Group,2015,1100,medical/healthcare,hacking
Blue Cross and Blue Shield of North Carolina,2015,687,medical/healthcare,hacking
SIU HealthCare,2015,1891,medical/healthcare,hacking
Island Peer Review Organization,2015,9642,medical/healthcare,lost/stolen
ZDI,2015,1674,medical/healthcare,hacking
"New Mexico Oncology Hematology Consultants, LTD",2015,12354,organization,hacking
Tri Lakes Medical Center,2015,1489,organization,hacking
The University of Texas MD Anderson Cancer Center,2015,3598,organization,lost/stolen
Pair Networks Inc.,2015,8845,medical/healthcare,lost/stolen
"The Kroger Co., for itself and its affiliates and subsidiaries",2015,504,medical/healthcare,hacking
Mission City Community Network,2015,7800,medical/healthcare,hacking
Triple-S Salud,2015,5795,organization,hacking
American Health Inc.,2015,17776,medical/healthcare,hacking
"Clinical Reference Laboratory, Inc.",2015,979,organization,hacking
Shaker Clinic,2015,617,medical/healthcare,other
"Ladies First Choice, Inc.",2015,2365,medical/healthcare,lost/stolen
"NFP Maschino, Hudelson & Associates",2015,3814,medical/healthcare,hacking
Salina Health Education dba Salina Healthcare Center,2015,9640,organization,hacking
Penn State Milton S. Hershey Medical Center,2015,1801,organization,hacking
"Abrham Tekola, M.D.,INC",2015,5471,medical/healthcare,hacking
Riverside County Regional Medical Center,2015,563,medical/healthcare,hacking
Cancer Specialists of Tidewater,2015,2318,medical/healthcare,lost/stolen
Oklahoma City Indian Clinic,2015,6000,medical/healthcare,hacking
"The Longstreet Clinic, P. C.",2015,720,medical/healthcare,hacking
Duke University Health System,2015,10993,organization,hacking
Mount Sinai Beth Israel,2015,10793,medical/healthcare,other
NYU Urology Associates,2015,835,organization,hacking
MD Manage (Vcarve LLC),2015,35357,medical/healthcare,lost/stolen
Coordinated Health,2015,13907,organization,hacking
Colorado River Indian Tribes,2015,1296,medical/healthcare,hacking
Pediatric Gastroenterology Consultants,2015,5000,medical/healthcare,hacking
"University of Maryland, College Park",2014,"300,000",education/academic,hacking
LexisNexis,2014,"1,000,000",tech,hacking
Michaels,2014,"3,000,000",organization,hacking
European Central Bank,2014,0,organization,hacking
Trump Hotels,2014,8,organization,hacking
Supervalu,2014,200,organization,hacking
Uber,2014,"50,000",tech,poor_security
Mozilla,2014,"76,000",tech,poor_security
Yahoo,2014,"500,000,000",tech,hacking
AOL,2014,"2,400,000",tech,hacking
Mandarin Oriental Hotels,2014,10523,organization,hacking
New York Taxis,2014,"52,000",organization,poor_security
Sony Pictures,2014,104857600,tech,hacking
Gmail,2014,"5,000,000",tech,hacking
Home Depot,2014,"56,000,000",organization,hacking
Community Health Systems,2014,"4,500,000",medical/healthcare,hacking
Domino's Pizza (France),2014,"600,000",tech,hacking
JP Morgan Chase,2014,"76,000,000",organization,hacking
MacRumors.com,2014,"860,000",tech,hacking
Hilton Hotels,2014,"363,000",organization,hacking
NASDAQ,2014,0,organization,hacking
UPS,2014,51,organization,hacking
Korea Credit Bureau,2014,"20,000,000",organization,inside_job
Neiman Marcus,2014,"1,100,000",organization,hacking
eBay,2014,"145,000,000",tech,hacking
North Los Angeles County Regional Center,2014,18162,organization,hacking
University of Florida,2014,14519,medical/healthcare,lost/stolen
Hospice and Palliative Care Center of Alamance Caswell,2014,5370,organization,lost/stolen
Schneck Medical Center,2014,3131,medical/healthcare,hacking
Hope Hospice,2014,818,medical/healthcare,hacking
City of Norwood,2014,9577,medical/healthcare,hacking
Just the Connection Inc,2014,5388,organization,hacking
Erskine Family Dentistry,2014,2723,medical/healthcare,hacking
RCR Technology Corporation,2014,187533,medical/healthcare,hacking
Oregon Health & Science University,2014,1361,organization,hacking
Hancock OB/GYN,2014,1396,medical/healthcare,hacking
North Texas Comprehensive Spine & Pain Center,2014,3200,medical/healthcare,hacking
Olson & White Orthodontics,2014,10000,medical/healthcare,other
Dermatology Associates of Tallahassee,2014,915,medical/healthcare,hacking
"NHC HealthCare, Oak Ridge",2014,4268,medical/healthcare,hacking
UnityPoint Health Affiliated,2014,1825,medical/healthcare,other
Mount Sinai Medical Center,2014,610,medical/healthcare,hacking
Good Samaritan Hospital,2014,3833,medical/healthcare,lost/stolen
Jones Chiropractic and Maximum Health,2014,1500,medical/healthcare,lost/stolen
Shiloh Medical Clinic,2014,1900,medical/healthcare,lost/stolen
PruittHealth Pharmacy Services,2014,841,organization,hacking
St. Joseph Health System,2014,3300,medical/healthcare,hacking
Detroit Medical Center - Harper University Hospital,2014,1087,organization,lost/stolen
"Service Coordination, Inc.",2014,10766,medical/healthcare,hacking
Inclusion Research Institute,2014,2200,medical/healthcare,hacking
"NRAD Medical Associates, P.C.",2014,97000,organization,hacking
Alabama Department of Public Health,2014,1200,organization,lost/stolen
"Urological Associates of Southern Arizona, P.C.",2014,3529,medical/healthcare,hacking
Apple Valley Care Center,2014,1251,medical/healthcare,hacking
Iron Mountain,2014,49714,medical/healthcare,hacking
Emdeon,2014,800,organization,hacking
New York City Health & Hospitals Corporation,2014,10058,organization,lost/stolen
mdINR LLC,2014,1859,medical/healthcare,lost/stolen
Alaska Department of Health and Social Services,2013,501,medical/healthcare,hacking
OVH,2013,0,tech,hacking
Target Corporation,2013,"110,000,000",organization,hacking
Central Hudson Gas & Electric,2013,"110,000",organization,hacking
Citigroup,2013,"150,000",organization,poor_security
TerraCom & YourTel,2013,"170,000",tech,accidental
Florida Department of Juvenile Justice,2013,"100,000",government/military,lost/stolen
Facebook,2013,"6,000,000",tech,accidental
Scribd,2013,"500,000",tech,hacking
Evernote,2013,"50,000,000",tech,hacking
Ubuntu,2013,"2,000,000",tech,hacking
"Crescent Health Inc., Walgreens",2013,"100,000",medical/healthcare,lost/stolen
Nintendo (Club Nintendo),2013,"240,000",tech,hacking
SnapChat,2013,"4,700,000",tech,hacking
Twitter,2013,"250,000",tech,hacking
Apple,2013,"275,000",tech,hacking
Drupal,2013,"1,000,000",tech,hacking
Living Social,2013,"50,000,000",tech,hacking
Albert Einstein Healthcare Network,2013,613,medical/healthcare,lost/stolen
Yahoo Japan,2013,"22,000,000",tech,hacking
Vodafone,2013,"2,000,000",tech,inside_job
Advocate Medical Group,2013,"4,000,000",medical/healthcare,lost/stolen
Washington State court system,2013,"160,000",government/military,hacking
Tumblr,2013,"65,469,298",tech,hacking
Yahoo,2013,"3,000,000,000",tech,hacking
South Africa police,2013,"16,000",government/military,hacking
Dun & Bradstreet,2013,"1,000,000",tech,hacking
Adobe Systems,2013,"152,000,000",tech,hacking
Kirkwood Community College,2013,"125,000",education/academic,hacking
Kroll Background America,2013,"1,000,000",tech,hacking
Ubisoft,2013,0,tech,hacking
South Miami Hospital,2013,834,medical/healthcare,hacking
Lancaster General Medical Group,2013,527,medical/healthcare,lost/stolen
Sports Rehabilitation Consultants,2013,1200,medical/healthcare,lost/stolen
University of Connecticut Health Center,2013,1382,medical/healthcare,hacking
"United HomeCare Services, Inc.",2013,12299,medical/healthcare,hacking
Connextions c/o Anthem BCBS,2013,1678,organization,hacking
Mount Sinai Medical Center,2013,628,medical/healthcare,hacking
"Thomas L. Davis, Jr. DDS",2013,3269,medical/healthcare,hacking
M&C Children's Clinic PA,2013,0,medical/healthcare,hacking
Oregon Health & Science University,2013,2400,organization,hacking
"Sunil Kakar, Psy.D.",2013,697,organization,hacking
"Shands Jacksonville Medical Center, Inc.",2013,1025,medical/healthcare,hacking
Wood County Hospital,2013,2500,organization,hacking
Independence Care System,2013,2434,organization,other
Fayetteville VAMC,2013,1093,medical/healthcare,hacking
"Health Net, Inc.",2013,8331,organization,hacking
Jesle Kuizon,2013,800,medical/healthcare,hacking
Jackson Health System,2013,1471,medical/healthcare,lost/stolen
Valperaiso Fire Department,2013,2500,organization,hacking
Sierra View District Hospital,2013,1009,medical/healthcare,lost/stolen
Region Ten Community Services Board,2013,10228,organization,lost/stolen
Comprehensive Podiatry LLC,2013,1360,medical/healthcare,hacking
Santa Clara Valley Medical Center,2013,579,medical/healthcare,hacking
"Reconstructive Orthopaedic Associates II, P.C. d/b/a Rothman Institute",2013,2350,organization,lost/stolen
SSM Health Care of Wisconsin DBA: St. MaryâÑ_âÑ_âÑ_s Janesville Hospital,2013,631,medical/healthcare,hacking
Advocate Health and Hospitals Corporation,2013,2237,medical/healthcare,lost/stolen
Allina Health,2013,3807,medical/healthcare,hacking
Triple S Salud Inc.,2013,13336,organization,other
New Jersey Department of Human Services,2013,9825,medical/healthcare,lost/stolen
"Molina Healthcare of Texas, Inc.",2013,40000,organization,hacking
North Carolina Department of Health and Human Services,2013,48752,medical/healthcare,lost/stolen
Medical Mutual of Ohio,2013,1420,organization,hacking
Health Care Solutions at Home Inc.,2013,1139,organization,hacking
Joseph Michael Benson M.D,2013,7500,medical/healthcare,lost/stolen
Eureka Internal Medicine,2013,3534,organization,hacking
"Orlando Health, Inc.",2013,586,organization,hacking
Susquehanna Health,2013,657,medical/healthcare,hacking
"Policy Studies, Inc. / Postal Center International, Inc.",2013,580,medical/healthcare,other
"Courier Express/Atlanta, Courier Express/Charlotte & Courier Express US, Inc.",2013,2523,organization,hacking
KEYSTONE INSURERS GROUP,2013,1008,organization,other
Howard L. Weinstein D.P.M.,2013,1000,medical/healthcare,hacking
Humana Inc [case #15381],2013,2962,medical/healthcare,hacking
NYU Hospitals Center,2013,872,medical/healthcare,other
Western Regional Center for Brain and Spine Surgery,2013,12000,medical/healthcare,hacking
University of Pennsylvania Health System,2013,661,medical/healthcare,hacking
Xand Corporation,2013,3334,medical/healthcare,hacking
MobilexUSA,2013,605,organization,lost/stolen
Children's Mercy Hospital,2013,4067,organization,lost/stolen
"Steven A. Goldman, MD Inc.",2013,6141,medical/healthcare,hacking
Group Health Incorporated,2013,802,medical/healthcare,lost/stolen
AltaMed medical Corporation,2013,3206,medical/healthcare,hacking
Cedars-Sinai Health System,2013,33136,organization,lost/stolen
Santa Fe Medical Group,2013,843,organization,hacking
Loi Luu,2013,13177,organization,lost/stolen
St. Mary Mercy Hospital,2013,1488,organization,hacking
Tennessee Rural Health Improvement Association,2013,79000,medical/healthcare,hacking
Militarysingles.com,2012,"163,792",tech,accidental
Zappos,2012,"24,000,000",tech,hacking
Global Payments,2012,"7,000,000",organization,hacking
Office of the Texas Attorney General,2012,"6,500,000",government/military,accidental
South Carolina Government,2012,"6,400,000",medical/healthcare,inside_job
Yahoo! Voices,2012,"450,000",tech,hacking
"Apple, Inc./BlueToad",2012,"12,367,232",tech,accidental
Formspring,2012,"420,000",tech,accidental
"Iranian banks (three: Saderat, Eghtesad Novin, and Saman)",2012,"3,000,000",organization,hacking
California Department of Child Support Services,2012,"800,000",government/military,lost/stolen
US Medicaid,2012,"780,000",government/military,hacking
Gamigo,2012,"8,000,000",tech,hacking
TD Bank,2012,"260,000",organization,hacking
Massive American business hack including 7-Eleven and Nasdaq,2012,"160,000,000",organization,hacking
Barnes & Noble,2012,63564564,organization,hacking
Greek government,2012,"9,000,000",government/military,hacking
KT Corporation,2012,"8,700,000",tech,hacking
Emory Healthcare,2012,"315,000",medical/healthcare,poor_security
Dropbox,2012,"68,648,009",tech,hacking
New York State Electric & Gas,2012,"1,800,000",organization,inside_job
Blizzard Entertainment,2012,"14,000,000",tech,hacking
Syrian government (Syria Files),2012,"2,434,899",government/military,hacking
Rambler.ru,2012,"98,167,935",tech,hacking
"LinkedIn, eHarmony, Last.fm",2012,"8,000,000",tech,accidental
Texas Tech Unversity Health Sciences Center,2012,629,medical/healthcare,hacking
SynerMed / Inland Valleys IPA,2012,3164,medical/healthcare,other
"Community Support Services, Inc.",2012,1167,medical/healthcare,hacking
Lucile Packard Children's Hospital,2012,12900,medical/healthcare,lost/stolen
Alberto Gerardo Vazquez Rivera,2012,679,medical/healthcare,hacking
Louisiana State University Health Care Services Division,2012,5000,organization,hacking
California Correctional Health Care Services,2012,1033,medical/healthcare,hacking
"South Shore Physicians, PC",2012,8000,medical/healthcare,hacking
"Holy Cross Hospital, Inc.",2012,9900,organization,hacking
"University of California, San Francisco",2012,3553,medical/healthcare,hacking
Healthcare Management System,2012,4330,organization,hacking
Ferris State University - MI College of Optometry,2012,3947,medical/healthcare,lost/stolen
"United Dynacare, LLC dba Dynacare Laboratories",2012,9328,medical/healthcare,hacking
"Molina Healthcare of Texas, Inc.",2012,2826,medical/healthcare,hacking
Jeff Spiegel,2012,832,medical/healthcare,other
Sentara Healthcare,2012,3861,medical/healthcare,other
Hospital for Special Surgery,2012,937,medical/healthcare,hacking
"Easter Seal Society of Superior California, Privacy Manager Breach",2012,3026,organization,hacking
"Care Advantage, Inc.",2012,3458,medical/healthcare,lost/stolen
"Cornerstone Health Care, PA",2012,548,medical/healthcare,hacking
Jewish Hospital,2012,2992,medical/healthcare,hacking
Franciscan Medical Group,2012,8300,medical/healthcare,hacking
"Midwest Orthopaedics at Rush, LLC",2012,1256,organization,hacking
American Health Inc.,2012,11531,medical/healthcare,lost/stolen
Central City Concern,2012,17914,medical/healthcare,hacking
Jamaica Hospital Medical Center,2012,26162,medical/healthcare,hacking
"Sloane Stecker Physical Therapy, PC",2012,2000,medical/healthcare,lost/stolen
Haley Chiropractic Clinic,2012,6000,medical/healthcare,hacking
Wm. Jennings Bryan Dorn VA Medical Center,2012,3637,medical/healthcare,lost/stolen
"Seven Counties Services, Inc.",2012,727,medical/healthcare,hacking
"Multilingual Psychotherapy Centers, Inc",2012,3500,medical/healthcare,lost/stolen
AdminisTEP,2012,4469,organization,hacking
North Big Horn Hospital,2012,1607,medical/healthcare,hacking
"Murali Menon, Privacy Manager Breach",2012,6051,medical/healthcare,hacking
Nemours Foundation,2011,"1,055,489",medical/healthcare,lost/stolen
Steam,2011,"35,000,000",tech,hacking
Nexon Korea Corp,2011,"13,200,000",tech,hacking
Accendo Insurance Co.,2011,"175,350",medical/healthcare,poor_security
U.S. law enforcement (70 different agencies),2011,"123,461",government/military,accidental
Sutter Medical Center,2011,"4,243,434",medical/healthcare,lost/stolen
Morgan Stanley Smith Barney,2011,"34,000",organization,lost/stolen
Health NetÒ¥ IBM,2011,"1,900,000",medical/healthcare,lost/stolen
Sony Online Entertainment,2011,"24,600,000",tech,hacking
University of WisconsinÑMilwaukee,2011,"73,000",education/academic,hacking
San Francisco Public Utilities Commission,2011,"180,000",government/military,hacking
Honda Canada,2011,"283,000",organization,poor_security
Sega,2011,"1,290,755",tech,hacking
Writerspace.com,2011,"62,000",tech,hacking
Spartanburg Regional Healthcare System,2011,"400,000",medical/healthcare,lost/stolen
Oregon Department of Transportation,2011,0,government/military,poor_security
Memorial Healthcare System,2011,"102,153",medical/healthcare,lost/stolen
Bethesda Game Studios,2011,"200,000",tech,hacking
"Chinese tech websites (three: Duowan, 7K7K, 178.com)",2011,"10,000,000",tech,hacking
China Software Developer Network,2011,"6,000,000",tech,hacking
Citigroup,2011,"360,083",organization,hacking
Massachusetts Government,2011,"210,000",government/military,poor_security
Tricare,2011,"4,901,432",medical/healthcare,lost/stolen
Southern California Medical-Legal Consultants,2011,"300,000",medical/healthcare,hacking
Sony Pictures,2011,"1,000,000",tech,hacking
Stratfor,2011,"935,000",government/military,accidental
Washington Post,2011,"1,270,000",tech,hacking
U.S. Army,2011,"50,000",government/military,accidental
Restaurant Depot,2011,"200,000",organization,hacking
NHS,2011,"8,300,000",medical/healthcare,lost/stolen
State of Texas,2011,"3,500,000",government/military,accidental
Sony PlayStation Network,2011,"77,000,000",tech,hacking
Tianya Club,2011,"28,000,000",tech,hacking
Eisenhower Medical Center,2011,"514,330",medical/healthcare,lost/stolen
Countrywide Financial Corp,2011,"2,500,000",organization,inside_job
University of Mississippi Medical Center,2011,500,medical/healthcare,other
Granger Medical Clinic,2011,2600,medical/healthcare,other
The Guidance Center of Westchester,2011,1416,medical/healthcare,hacking
Digital Archive Management,2011,189489,medical/healthcare,lost/stolen
Bon Secours Mary Immaculate Hospital,2011,5764,medical/healthcare,hacking
Union Security Insurance Company,2011,1127,medical/healthcare,lost/stolen
Sutter Health East Bay Region,2011,4479,medical/healthcare,hacking
UT Physicians,2011,596,medical/healthcare,lost/stolen
Janna Benkelman LPC LLC,2011,1500,medical/healthcare,hacking
Dreyer Medical Clinic,2011,998,medical/healthcare,hacking
Mount SInai Medical Center,2011,1586,medical/healthcare,lost/stolen
BriovaRx,2011,1067,organization,lost/stolen
"North Country Hospital and Health Center, Inc",2011,550,medical/healthcare,hacking
Rotech Healthcare Inc.,2011,10680,organization,hacking
"Superior HealthPlan, Inc.",2011,6284,medical/healthcare,hacking
Hospice of the Chesapeake,2011,7606,medical/healthcare,hacking
Health Fitness Corporation,2011,4837,medical/healthcare,hacking
"University of California, San Francisco",2011,8294,medical/healthcare,lost/stolen
Kaiser Foundation Hospital- Orange County,2011,49000,medical/healthcare,hacking
Colby DeHart,2011,2777,organization,hacking
Tranquility Counseling Services,2011,1683,medical/healthcare,hacking
Kmart Corporation,2011,16446,medical/healthcare,hacking
University of Miami,2011,13074,medical/healthcare,other
"StayWell Health Management, LLC",2011,520,medical/healthcare,hacking
"PracMan, Inc.",2011,1145,organization,hacking
"University of California, San Francisco",2011,9861,organization,hacking
Valley View Hospital Association,2011,5415,medical/healthcare,hacking
"StayWell Health Management, LLC",2011,1746,organization,hacking
HealthPartners Inc,2011,27839,medical/healthcare,hacking
"HealthPartners Administrators, Inc.",2011,796,medical/healthcare,hacking
KP Northern CA Department of Research,2011,5178,organization,lost/stolen
"Amerigroup Texas, Inc. ",2011,75026,medical/healthcare,lost/stolen
BLUE CROSS AND BLUE SHIELD OF KANSAS CITY,2011,2546,medical/healthcare,lost/stolen
IHS,2011,5000,organization,lost/stolen
Administracion de Seguros de Salud - Triple S Salud Inc (BA),2011,46473,medical/healthcare,hacking
VGM Homelink,2011,1400,medical/healthcare,other
"Tufts Associated Health Maintenance Organization, Inc. and Tufts Insurance Company ",2011,8830,medical/healthcare,hacking
Sorenson Communications/CaptionCall Group Health Plan,2011,9800,medical/healthcare,lost/stolen
Baylor Regional Medical Center at Plano,2011,1981,medical/healthcare,lost/stolen
"Ferguson Advertising, Inc.",2011,1361,medical/healthcare,hacking
Iowa Medicaid Enterprise,2011,862,organization,hacking
Triple-S Salud,2011,56853,medical/healthcare,lost/stolen
St. Francis Hospital,2011,1175,medical/healthcare,hacking
"Doctors First Choice Billings, Inc",2011,9255,medical/healthcare,hacking
Baylor Medical Center at Carrollton,2011,2874,medical/healthcare,hacking
IHS,2011,620,medical/healthcare,lost/stolen
Bay Area Pain Medical Associates,2011,2780,organization,hacking
Midwest Orthopaedic Center SC,2011,680,organization,hacking
Diamond Computing Company,2011,7016,medical/healthcare,hacking
Central Utah Clinic,2011,31677,medical/healthcare,lost/stolen
Community Health Systems Professional Services Corporation,2011,4500000,medical/healthcare,lost/stolen
St. Elizabeth's Medical Center,2011,595,organization,lost/stolen
Temple University Physicians,2011,3780,medical/healthcare,hacking
Bon Secours Kentucky,2011,697,medical/healthcare,hacking
"Xerox State Healthcare, LLC",2011,2000000,medical/healthcare,hacking
Tampa General Hospital,2011,675,medical/healthcare,lost/stolen
Graybill Medical Group,2011,1863,medical/healthcare,lost/stolen
Burlington Northern Santa Fe Group Benefits Plan,2011,507,medical/healthcare,hacking
VA Corporate Data Center Operations/Austin Information Technology Center,2011,7029,medical/healthcare,lost/stolen
Henry Ford Health System,2011,500,organization,lost/stolen
